1,Comment 1,1,1
2,Comment 2,1,1
3,Comment 3,1,1
4,Comment 1,2,1
5,Comment 5,1,1
6,Comment 6,1,1
7,Comment 7,1,1
8,Comment 8,1,1
9,Comment 9,1,1
10,Comment 10,1,1
11,Comment 11,1,1
12,Comment 12,3,1
13,Comment 13,3,1
14,Comment 14,3,1
15,Comment 15,3,1
16,Comment 16,3,1
17,Comment 17,3,1
18,Comment 18,3,1
19,Comment 19,3,1
20,Comment 20,3,1
21,Comment 21,3,1
22,Comment 22,3,1
23,Comment 23,3,1
24,Comment 24,2,1
25,Comment 25,2,1
26,Comment 26,2,1
27,Comment 27,2,1
28,Comment 28,2,1
29,Comment 29,2,1
30,Comment 30,2,1
31,Comment 31,2,1
32,Comment 32,2,1
33,Comment 33,2,1
